City_ID,City,Country,Date,Lat,Lng,Max Temp,Humidity,Cloudiness,Wind Speed
0,Puga,MX,2022-11-07 21:26:30,21.5833,-104.8167,84.27,44,0,9.22
1,Busselton,AU,2022-11-07 21:26:30,-33.65,115.3333,52.59,91,8,10.09
2,Fier,AL,2022-11-07 21:26:30,40.7239,19.5561,60.58,80,37,1.88
3,Port Elizabeth,ZA,2022-11-07 21:26:31,-33.918,25.5701,64.31,89,0,11.01
4,Punta Arenas,CL,2022-11-07 21:23:36,-53.15,-70.9167,62.71,51,75,18.41
5,Hofn,IS,2022-11-07 21:26:31,64.2539,-15.2082,41.67,92,100,24.61
6,Butaritari,KI,2022-11-07 21:26:32,3.0707,172.7902,80.02,75,25,6.82
7,Gizo,SB,2022-11-07 21:26:32,-8.103,156.8419,81.9,77,97,6.44
8,Codrington,AU,2022-11-07 21:26:32,-38.2667,141.9667,61.48,88,3,7.18
9,Chuy,UY,2022-11-07 21:26:32,-33.6971,-53.4616,63.45,69,4,11.1
10,Cidreira,BR,2022-11-07 21:26:33,-30.1811,-50.2056,63.18,79,16,14.52
11,Longyearbyen,SJ,2022-11-07 21:26:33,78.2186,15.6401,24.64,93,75,5.75
12,Rikitea,PF,2022-11-07 21:26:33,-23.1203,-134.9692,72.93,92,100,23.62
13,Edd,ER,2022-11-07 21:26:34,13.9297,41.6925,84.7,63,5,15.61
14,Nioro,GM,2022-11-07 21:26:34,13.35,-15.75,78.31,41,97,7.14
15,Dingle,PH,2022-11-07 21:26:34,10.9995,122.6711,75.79,93,70,5.61
16,Ushuaia,AR,2022-11-07 21:26:35,-54.8,-68.3,62.26,45,75,17.27
17,Newtownards,GB,2022-11-07 21:26:35,54.5924,-5.6909,57.94,89,100,32.21
18,Sur,OM,2022-11-07 21:26:35,22.5667,59.5289,82.85,60,85,8.81
19,East London,ZA,2022-11-07 21:26:35,-33.0153,27.9116,70.7,82,100,1.57
20,Sola,VU,2022-11-07 21:26:36,-13.8833,167.55,75.87,100,95,0.0
21,Harper,LR,2022-11-07 21:26:36,4.375,-7.7169,78.89,84,96,8.05
22,Ambilobe,MG,2022-11-07 21:26:36,-13.2,49.05,73.71,68,90,6.33
23,Vaini,TO,2022-11-07 21:26:37,-21.2,-175.2,78.96,73,20,9.22
24,Albany,US,2022-11-07 21:24:17,42.6001,-73.9662,61.57,27,0,1.01
25,Hobart,AU,2022-11-07 21:26:37,-42.8794,147.3294,60.06,82,0,9.22
26,Buckeye,US,2022-11-07 21:26:37,33.3703,-112.5838,81.82,19,100,4.7
27,Mataura,NZ,2022-11-07 21:26:38,-46.1927,168.8643,57.97,71,90,1.99
28,Cayenne,GF,2022-11-07 21:26:17,4.9333,-52.3333,77.04,88,100,5.75
29,Sao Bento,BR,2022-11-07 21:26:38,-6.2833,-37.75,79.92,60,47,2.13
30,Miri,MY,2022-11-07 21:26:38,4.4148,114.0089,75.34,94,20,2.3
31,Dikson,RU,2022-11-07 21:26:39,73.5069,80.5464,4.75,93,100,11.7
32,Sandpoint,US,2022-11-07 21:21:39,48.2766,-116.5533,26.04,80,100,16.11
33,Barcelos,PT,2022-11-07 21:26:39,41.5388,-8.6151,62.92,90,74,14.41
34,Tateyama,JP,2022-11-07 21:26:39,34.9833,139.8667,56.1,80,1,10.89
35,Boyuibe,BO,2022-11-07 21:26:40,-20.4167,-63.2833,89.51,18,29,8.32
36,Biak,ID,2022-11-07 21:26:40,-0.9131,122.8766,75.88,86,100,3.27
37,Dali,CN,2022-11-07 21:26:40,25.7,100.1833,46.67,81,0,2.53
38,Hermanus,ZA,2022-11-07 21:26:40,-34.4187,19.2345,60.8,86,42,9.86
39,Piacabucu,BR,2022-11-07 21:26:41,-10.4056,-36.4344,75.85,90,66,9.48
40,Provideniya,RU,2022-11-07 21:26:41,64.3833,-173.3,30.36,93,100,15.99
41,Khatanga,RU,2022-11-07 21:26:41,71.9667,102.5,4.5,96,99,5.55
42,Atherton,GB,2022-11-07 21:26:42,53.5237,-2.4935,57.34,84,100,8.01
43,Samarai,PG,2022-11-07 21:26:42,-10.6167,150.6667,80.96,78,14,5.1
44,Bluff,NZ,2022-11-07 21:26:42,-46.6,168.3333,55.58,75,74,6.6
45,Baie-Saint-Paul,CA,2022-11-07 21:26:43,47.4411,-70.4986,51.78,51,0,1.99
46,Hilo,US,2022-11-07 21:27:43,19.7297,-155.09,82.26,71,75,5.01
47,Atuona,PF,2022-11-07 21:27:43,-9.8,-139.0333,76.84,70,77,14.32
48,Manyana,BW,2022-11-07 21:27:44,-23.4,21.7167,60.06,87,26,5.26
49,Kieta,PG,2022-11-07 21:27:44,-6.2167,155.6333,80.98,78,22,3.67
50,Tukrah,LY,2022-11-07 21:27:44,32.5341,20.5791,68.67,71,7,10.02
51,Quatre Cocos,MU,2022-11-07 21:27:45,-20.2078,57.7625,73.09,76,0,8.48
52,Arys,KZ,2022-11-07 21:27:45,42.4252,68.795,46.13,76,100,5.41
53,Silistra,BG,2022-11-07 21:27:45,44.1167,27.2667,52.92,59,7,5.88
54,Ahipara,NZ,2022-11-07 21:23:08,-35.1667,173.1667,61.88,85,89,15.41
55,Airai,TL,2022-11-07 21:27:46,-8.9266,125.4092,61.75,85,100,1.12
56,Aksarka,RU,2022-11-07 21:27:46,66.5606,67.7975,19.33,96,100,7.47
57,Opuwo,NA,2022-11-07 21:27:46,-18.0607,13.84,66.6,41,0,7.02
58,Tasiilaq,GL,2022-11-07 21:27:47,65.6145,-37.6368,35.76,89,100,9.57
59,Barrow,US,2022-11-07 21:27:47,71.2906,-156.7887,24.82,86,100,10.36
60,Leshukonskoye,RU,2022-11-07 21:27:47,64.8989,45.7622,33.64,98,100,6.29
61,Coihaique,CL,2022-11-07 21:27:48,-45.5752,-72.0662,61.41,77,100,4.61
62,Inhambane,MZ,2022-11-07 21:27:48,-23.865,35.3833,76.55,83,98,8.99
63,Bereznik,RU,2022-11-07 21:27:48,62.8551,42.7072,37.36,95,100,7.96
64,Olafsvik,IS,2022-11-07 21:27:48,64.8945,-23.7142,43.36,72,100,11.77
65,Ossora,RU,2022-11-07 21:27:49,59.2353,163.0719,30.52,92,100,9.46
66,Hami,CN,2022-11-07 21:27:49,42.8,93.45,44.51,32,100,0.54
67,Port Lincoln,AU,2022-11-07 21:27:49,-34.7333,135.8667,69.21,55,100,13.71
68,Mananara,MG,2022-11-07 21:27:50,-16.1667,49.7667,69.22,88,54,2.84
69,Port Keats,AU,2022-11-07 21:27:50,-14.25,129.55,82.87,70,13,6.93
70,Saint-Francois,FR,2022-11-07 21:27:50,46.4154,3.9054,46.67,93,0,3.44
71,Pucallpa,PE,2022-11-07 21:27:51,-8.3791,-74.5539,93.24,43,20,4.61
72,Talnakh,RU,2022-11-07 21:27:51,69.4865,88.3972,-0.8,98,99,7.02
73,Pangnirtung,CA,2022-11-07 21:27:51,66.1451,-65.7125,14.0,48,20,6.91
74,Sao Filipe,CV,2022-11-07 21:27:52,14.8961,-24.4956,78.73,68,54,5.19
75,Kruisfontein,ZA,2022-11-07 21:27:52,-34.0033,24.7314,59.45,80,100,6.53
76,Skjervoy,NO,2022-11-07 21:27:52,70.0311,20.9714,41.0,67,69,18.12
77,Ribeira Grande,PT,2022-11-07 21:27:53,38.5167,-28.7,63.0,63,20,11.5
78,Grindavik,IS,2022-11-07 21:27:53,63.8424,-22.4338,43.27,87,100,11.5
79,Nikolskoye,RU,2022-11-07 21:27:53,59.7035,30.7861,40.91,89,100,8.93
80,Kaitangata,NZ,2022-11-07 21:27:54,-46.2817,169.8464,57.94,67,68,2.86
81,Arraial Do Cabo,BR,2022-11-07 21:27:54,-22.9661,-42.0278,71.56,73,75,8.05
82,Waddan,LY,2022-11-07 21:27:54,29.1614,16.139,62.62,54,0,6.38
83,Tuatapere,NZ,2022-11-07 21:27:55,-46.1333,167.6833,59.9,60,100,3.02
84,Kasangulu,CD,2022-11-07 21:27:55,-4.5911,15.1708,73.92,83,62,2.1
85,Hamilton,US,2022-11-07 21:25:13,39.1834,-84.5333,67.23,22,0,9.22
86,Cape Town,ZA,2022-11-07 21:26:17,-33.9258,18.4232,62.11,81,0,5.75
87,Poum,NC,2022-11-07 21:27:56,-20.2333,164.0167,77.68,81,98,10.94
88,Bacalan,PH,2022-11-07 21:27:56,11.5464,122.0849,74.14,85,98,6.82
89,Saldanha,ZA,2022-11-07 21:27:56,-33.0117,17.9442,60.93,88,5,7.96
90,Port Alfred,ZA,2022-11-07 21:27:56,-33.5906,26.891,63.18,92,100,1.99
91,Christchurch,NZ,2022-11-07 21:27:57,-43.5333,172.6333,60.48,74,100,6.91
92,Chenzhou,CN,2022-11-07 21:28:57,25.8,113.0333,64.02,88,12,1.41
93,Chokurdakh,RU,2022-11-07 21:28:57,70.6333,147.9167,-11.67,93,79,12.66
94,Hithadhoo,MV,2022-11-07 21:28:58,-0.6,73.0833,81.23,78,90,18.01
95,Rundu,NA,2022-11-07 21:28:58,-17.9333,19.7667,77.9,43,100,4.63
96,Vanimo,PG,2022-11-07 21:28:58,-2.6741,141.3028,77.59,89,100,3.56
97,Lebu,CL,2022-11-07 21:28:59,-37.6167,-73.65,57.85,70,4,11.05
98,Borovoy,RU,2022-11-07 21:28:59,55.4333,86.0833,29.48,93,100,6.71
99,Merrill,US,2022-11-07 21:28:59,45.1805,-89.6835,39.38,59,0,5.75
100,Camacupa,AO,2022-11-07 21:29:00,-12.0167,17.4833,66.18,84,97,3.13
101,Vilhena,BR,2022-11-07 21:29:00,-12.7406,-60.1458,89.82,27,0,6.91
102,Port Augusta,AU,2022-11-07 21:29:00,-32.5,137.7667,71.46,39,74,4.88
103,Honiara,SB,2022-11-07 21:29:00,-9.4333,159.95,81.95,79,43,2.42
104,Seoul,KR,2022-11-07 21:26:48,37.5683,126.9778,51.24,90,75,3.44
105,Bilma,NE,2022-11-07 21:29:01,18.6853,12.9164,74.59,18,0,6.91
106,Mar Del Plata,AR,2022-11-07 21:29:01,-38.0023,-57.5575,72.82,80,0,20.71
107,Ukiah,US,2022-11-07 21:28:15,39.1502,-123.2078,47.32,91,100,3.44
108,Guerrero Negro,MX,2022-11-07 21:25:04,27.9769,-114.0611,69.73,64,97,13.78
109,Geri,CY,2022-11-07 21:29:02,35.1,33.4167,60.19,88,75,5.75
110,Dilla,ET,2022-11-07 21:29:02,6.41,38.31,61.66,81,98,3.89
111,Yellowknife,CA,2022-11-07 21:29:03,62.456,-114.3525,7.32,85,75,9.22
112,Maryborough,AU,2022-11-07 21:29:03,-25.5333,152.7,67.48,67,31,7.34
113,Fort Smith,US,2022-11-07 21:29:04,35.3859,-94.3986,71.65,68,40,12.66
114,Hammond,US,2022-11-07 21:29:04,41.5834,-87.5,56.14,45,0,11.5
115,Puerto Escondido,MX,2022-11-07 21:29:04,15.85,-97.0667,85.03,61,20,8.05
116,Fenoarivo,MG,2022-11-07 21:29:05,-18.933,47.4354,64.47,82,75,6.91
117,Norman Wells,CA,2022-11-07 21:29:05,65.282,-126.8329,5.04,72,20,8.05
118,Tuktoyaktuk,CA,2022-11-07 21:29:06,69.4541,-133.0374,1.4,78,40,8.05
119,Watsa,CD,2022-11-07 21:29:06,3.0372,29.5355,65.48,93,100,2.37
120,Touros,BR,2022-11-07 21:29:07,-5.1989,-35.4608,78.55,69,98,10.45
121,Digha,IN,2022-11-07 21:29:07,21.6833,87.55,72.43,72,59,3.33
122,Tiksi,RU,2022-11-07 21:29:07,71.6872,128.8694,1.22,91,100,19.13
123,Nouadhibou,MR,2022-11-07 21:29:08,20.931,-17.0347,69.78,83,1,12.66
124,New Norfolk,AU,2022-11-07 21:29:08,-42.7826,147.0587,59.72,75,93,3.18
125,Rawson,AR,2022-11-07 21:29:09,-43.3002,-65.1023,69.03,47,99,10.09
126,Cherskiy,RU,2022-11-07 21:29:10,68.75,161.3,-6.72,99,19,3.51
127,Hastings,GB,2022-11-07 21:29:10,50.8552,0.5729,60.93,70,87,30.09
128,Saint-Philippe,RE,2022-11-07 21:29:10,-21.3585,55.7679,71.19,81,65,9.84
129,Havoysund,NO,2022-11-07 21:29:11,70.9963,24.6622,39.43,72,78,14.07
130,Manicore,BR,2022-11-07 21:29:11,-5.8092,-61.3003,80.55,78,0,9.22
131,Acapulco,MX,2022-11-07 21:28:42,16.8634,-99.8901,85.82,74,20,9.22
132,Deputatskiy,RU,2022-11-07 21:29:12,69.3,139.9,-4.59,94,100,5.91
133,Mashhad,IR,2022-11-07 21:29:12,36.297,59.6062,42.94,93,40,6.91
134,Avarua,CK,2022-11-07 21:30:13,-21.2078,-159.775,73.45,83,75,6.91
135,Thompson,CA,2022-11-07 21:25:58,55.7435,-97.8558,6.96,72,20,6.91
136,Mbaiki,CF,2022-11-07 21:30:13,3.8678,17.9892,69.98,99,100,1.77
137,Kodiak,US,2022-11-07 21:30:14,57.79,-152.4072,38.71,81,100,17.27
138,Saint-Augustin,CA,2022-11-07 21:30:15,51.226,-58.6502,49.08,93,68,18.14
139,Lorengau,PG,2022-11-07 21:30:15,-2.0226,147.2712,84.09,71,95,4.27
140,Pitea,SE,2022-11-07 21:30:16,65.3172,21.4794,26.69,90,11,3.56
141,Saint George,US,2022-11-07 21:30:16,37.1041,-113.5841,71.8,28,0,27.63
142,Namatanai,PG,2022-11-07 21:30:16,-3.6667,152.4333,82.6,74,83,4.21
143,Alvaraes,BR,2022-11-07 21:30:17,-3.2208,-64.8042,85.87,93,93,3.65
144,Mersing,MY,2022-11-07 21:30:18,2.4312,103.8405,75.11,94,40,3.44
145,Tigil,RU,2022-11-07 21:30:18,57.8,158.6667,16.41,96,100,5.5
146,Georgetown,MY,2022-11-07 21:30:19,5.4112,100.3354,80.24,89,20,2.3
147,San Cristobal,VE,2022-11-07 21:30:19,7.7669,-72.225,77.18,87,92,3.51
148,Broome,US,2022-11-07 21:30:20,42.2506,-75.833,60.17,28,0,13.8
149,Haines Junction,CA,2022-11-07 21:30:20,60.7522,-137.5108,1.35,60,17,1.14
150,Nanortalik,GL,2022-11-07 21:30:21,60.1432,-45.2371,26.94,89,100,4.38
151,Afikpo,NG,2022-11-07 21:30:21,5.8931,7.9374,78.08,68,99,2.57
152,Moussoro,TD,2022-11-07 21:30:22,13.6408,16.4901,83.12,17,6,10.38
153,Nagato,JP,2022-11-07 21:27:33,34.3833,131.2,57.97,58,0,5.64
154,Severo-Kurilsk,RU,2022-11-07 21:30:22,50.6789,156.125,34.63,82,86,10.54
155,Ilulissat,GL,2022-11-07 21:30:23,69.2167,-51.1,-6.45,88,14,6.4
156,Jamestown,US,2022-11-07 21:30:23,42.097,-79.2353,49.95,51,0,14.97
157,Victoria,HK,2022-11-07 21:30:23,22.2855,114.1577,71.26,94,100,8.99
158,Brownsville,US,2022-11-07 21:27:52,25.9018,-97.4975,88.09,66,20,18.41
159,Mubi,NG,2022-11-07 21:30:24,10.2676,13.2644,74.08,34,66,0.83
160,Katsuura,JP,2022-11-07 21:30:24,35.1333,140.3,59.49,91,13,9.86
161,Kasongo-Lunda,CD,2022-11-07 21:30:25,-6.4667,16.8167,70.11,98,99,1.83
162,Qaanaaq,GL,2022-11-07 21:30:25,77.484,-69.3632,-0.53,96,100,9.04
163,Nalut,LY,2022-11-07 21:30:26,30.3333,10.85,59.58,41,0,7.58
164,Mindelo,CV,2022-11-07 21:30:26,16.8901,-24.9804,76.55,73,75,19.57
165,Sarankhola,BD,2022-11-07 21:30:26,22.3082,89.7897,67.66,83,4,2.21
166,Reserva,BR,2022-11-07 21:30:27,-24.6503,-50.8506,58.01,69,44,1.66
167,Kishi,NG,2022-11-07 21:30:27,9.0833,3.85,76.06,40,92,1.34
168,Launceston,AU,2022-11-07 21:30:27,-41.45,147.1667,60.44,74,21,1.14
169,Estelle,US,2022-11-07 21:30:28,29.8458,-90.1067,84.99,69,20,10.36
170,Hazaribag,IN,2022-11-07 21:30:28,23.9833,85.35,60.91,71,27,0.65
171,Kapaa,US,2022-11-07 21:30:28,22.0752,-159.319,82.72,75,20,14.97
172,Alausi,EC,2022-11-07 21:30:29,-2.2,-78.8333,53.46,86,75,5.5
173,Egvekinot,RU,2022-11-07 21:30:29,66.3167,-179.1667,19.0,91,100,13.27
174,Baghdad,IQ,2022-11-07 21:30:29,33.3406,44.4009,58.91,47,0,0.0
175,Oranjestad,AW,2022-11-07 21:30:30,12.524,-70.027,82.35,92,40,6.91
176,Padang,ID,2022-11-07 21:30:30,-0.9492,100.3543,75.25,87,99,2.98
177,Izhevskoye,RU,2022-11-07 21:30:30,54.5567,40.8703,35.06,96,100,6.17
178,Kununurra,AU,2022-11-07 21:28:07,-15.7667,128.7333,78.78,89,40,0.0
179,Castro,BR,2022-11-07 21:30:31,-24.7911,-50.0119,55.31,72,11,6.42
180,San Patricio,US,2022-11-07 21:30:31,28.017,-97.5169,86.72,64,0,12.39
181,Lompoc,US,2022-11-07 21:25:50,34.6391,-120.4579,60.53,90,100,5.75
182,Hammerfest,NO,2022-11-07 21:30:31,70.6634,23.6821,34.25,100,40,2.3
183,Torbay,CA,2022-11-07 21:30:41,47.6666,-52.7314,59.76,95,100,21.85
184,Bafq,IR,2022-11-07 21:31:32,31.6128,55.4107,56.86,40,0,8.84
185,Inuvik,CA,2022-11-07 21:31:32,68.3499,-133.7218,6.01,72,40,5.75
186,Bereda,ES,2022-11-07 21:31:33,43.2686,-7.5406,57.42,100,83,14.45
187,Upernavik,GL,2022-11-07 21:31:33,72.7868,-56.1549,8.91,88,95,6.02
188,Antalya,TR,2022-11-07 21:31:33,36.7741,30.7178,59.59,82,75,9.22
189,Ambikapur,IN,2022-11-07 21:31:34,23.1167,83.2,59.97,75,33,1.52
190,Aklavik,CA,2022-11-07 21:31:34,68.2191,-135.0107,-0.4,78,40,4.61
191,Amahai,ID,2022-11-07 21:31:34,-3.3333,128.9167,79.59,79,100,3.29
192,Sterling,US,2022-11-07 21:31:10,39.0062,-77.4286,77.9,34,20,9.22
193,Jonesboro,US,2022-11-07 21:31:35,35.8423,-90.7043,62.2,63,100,17.27
194,Saint-Pierre,RE,2022-11-07 21:31:35,-21.3393,55.4781,71.28,73,0,5.75
195,Namibe,AO,2022-11-07 21:31:35,-15.1961,12.1522,68.76,76,3,9.31
196,Peniche,PT,2022-11-07 21:31:36,39.3558,-9.3811,65.28,95,84,15.5
197,Enshi,CN,2022-11-07 21:31:36,30.3,109.4833,56.19,95,2,0.47
198,Kologriv,RU,2022-11-07 21:31:36,58.8275,44.3178,33.4,96,99,7.99
199,Narsaq,GL,2022-11-07 21:31:37,60.9167,-46.05,30.42,83,100,6.4
200,Maneadero,MX,2022-11-07 21:31:35,31.7167,-116.5667,70.11,73,3,5.01
201,George Town,MY,2022-11-07 21:29:57,5.4112,100.3354,80.24,87,20,2.3
202,La Rioja,ES,2022-11-07 21:31:37,42.25,-2.5,42.58,55,100,7.67
203,Sao Joao Da Barra,BR,2022-11-07 21:31:37,-21.6403,-41.0511,73.49,72,21,7.61
204,Carnarvon,AU,2022-11-07 21:31:38,-24.8667,113.6333,66.31,61,38,14.09
205,Ewa Beach,US,2022-11-07 21:31:38,21.3156,-158.0072,84.85,61,40,18.41
206,Beatrice,US,2022-11-07 21:31:38,40.2681,-96.747,57.18,22,0,16.11
207,Tucurui,BR,2022-11-07 21:31:38,-3.7661,-49.6725,77.29,83,100,1.48
208,Pathein,MM,2022-11-07 21:31:39,16.7833,94.7333,71.96,88,56,4.54
209,San Carlos,VE,2022-11-07 21:31:39,9.6612,-68.5827,76.95,88,80,0.92
210,Kahului,US,2022-11-07 21:30:23,20.8947,-156.47,89.62,60,20,25.32
211,Seddon,AU,2022-11-07 21:31:39,-37.8068,144.8916,69.31,75,20,14.97
212,Luwuk,ID,2022-11-07 21:31:40,-0.9516,122.7875,77.04,89,100,2.8
213,Columbus,US,2022-11-07 21:31:40,39.9612,-82.9988,67.1,21,20,9.22
214,Shimoda,JP,2022-11-07 21:31:41,34.6667,138.95,56.1,68,0,10.92
215,Raisinghnagar,IN,2022-11-07 21:31:41,29.5358,73.4492,67.93,55,7,8.39
216,Palembang,ID,2022-11-07 21:31:41,-2.9167,104.7458,77.09,100,40,2.3
217,Sal Rei,CV,2022-11-07 21:31:42,16.1833,-22.9167,78.69,65,92,12.33
218,Geraldton,AU,2022-11-07 21:31:20,-28.7667,114.6,61.21,88,75,4.61
219,Dabat,ET,2022-11-07 21:31:42,12.9842,37.765,54.16,53,6,1.7
220,Ambon,ID,2022-11-07 21:31:42,-3.6954,128.1814,77.23,15,20,2.3
221,Abha,SA,2022-11-07 21:31:43,18.2164,42.5053,59.25,88,36,0.0
222,Xiangxiang,CN,2022-11-07 21:31:43,27.7333,112.5333,61.34,64,3,2.33
223,Shibetsu,JP,2022-11-07 21:31:43,43.659,145.132,41.11,71,93,2.04
224,Ailigandi,PA,2022-11-07 21:31:43,9.2333,-78.0167,81.3,75,100,5.5
225,Paamiut,GL,2022-11-07 21:31:44,61.994,-49.6678,16.59,62,99,7.61
226,Beringovskiy,RU,2022-11-07 21:31:44,63.05,179.3167,29.46,97,100,17.43
227,Zyryanka,RU,2022-11-07 21:31:45,65.75,150.85,-7.33,98,100,12.82
228,Omboue,GA,2022-11-07 21:31:45,-1.5746,9.2618,76.71,90,100,6.6
229,Barra Patuca,HN,2022-11-07 21:32:45,15.8,-84.2833,80.56,77,17,12.77
230,Bambanglipuro,ID,2022-11-07 21:32:46,-7.95,110.2833,74.64,93,99,2.17
231,Bengkulu,ID,2022-11-07 21:32:46,-3.8004,102.2655,73.94,92,100,3.29
232,Ghanzi,BW,2022-11-07 21:32:46,-21.5667,21.7833,63.23,83,16,6.53
233,Ayan,RU,2022-11-07 21:32:47,56.45,138.1667,11.03,58,99,15.23
234,Fallon,US,2022-11-07 21:32:47,39.4735,-118.7774,48.07,30,75,10.36
235,Abalak,RU,2022-11-07 21:32:47,58.1286,68.5944,23.41,96,33,5.53
236,Jiaohe,CN,2022-11-07 21:32:47,43.7286,127.3447,30.22,77,2,4.41
237,Benguela,AO,2022-11-07 21:32:48,-12.5763,13.4055,75.42,77,27,5.37
238,Daru,PG,2022-11-07 21:32:48,-9.0763,143.2092,78.96,88,100,5.3
239,Arlit,NE,2022-11-07 21:32:48,18.7369,7.3853,74.79,18,6,9.89
240,Nakamura,JP,2022-11-07 21:32:49,32.9833,132.9333,50.81,91,1,5.41
241,Puerto Ayora,EC,2022-11-07 21:32:49,-0.7393,-90.3518,75.16,83,87,5.99
242,Teya,RU,2022-11-07 21:32:49,60.3778,92.6267,19.92,94,99,4.56
243,Rabo De Peixe,PT,2022-11-07 21:32:50,37.8,-25.5833,62.28,97,40,8.05
244,Wagar,SD,2022-11-07 21:32:50,16.1525,36.2032,81.32,59,0,11.68
245,Presidencia Roque Saenz Pena,AR,2022-11-07 21:32:50,-26.7852,-60.4388,84.22,21,73,9.08
246,Butembo,CD,2022-11-07 21:32:51,0.15,29.2833,56.62,97,98,2.71
247,Galveston,US,2022-11-07 21:32:51,29.3669,-94.9669,85.08,79,20,8.05
248,San Quintin,MX,2022-11-07 21:32:51,30.4833,-115.95,68.31,67,85,14.92
249,Batemans Bay,AU,2022-11-07 21:30:05,-35.7167,150.1833,63.1,66,6,3.53
250,Klaksvik,FO,2022-11-07 21:30:20,62.2266,-6.589,49.12,91,98,32.79
251,Port Blair,IN,2022-11-07 21:30:21,11.6667,92.75,79.79,80,84,9.82
252,Byron Bay,AU,2022-11-07 21:29:13,-28.65,153.6167,61.95,71,28,6.71
253,San Roque,ES,2022-11-07 21:32:52,36.2107,-5.3842,65.23,77,40,5.75
254,Waipawa,NZ,2022-11-07 21:32:52,-41.4122,175.5153,59.58,62,5,4.9
255,Ushtobe,KZ,2022-11-07 21:32:52,45.2514,77.9838,48.85,85,100,11.43
256,Pevek,RU,2022-11-07 21:32:03,69.7008,170.3133,1.53,95,10,2.73
257,Sakakah,SA,2022-11-07 21:32:53,29.9697,40.2064,63.97,41,100,6.02
258,Baihar,IN,2022-11-07 21:32:53,22.1,80.55,60.01,65,75,2.08
259,Tautira,PF,2022-11-07 21:32:53,-17.7333,-149.15,76.01,87,1,12.03
260,Natal,BR,2022-11-07 21:28:14,-5.795,-35.2094,79.45,73,20,9.22
261,Hay River,CA,2022-11-07 21:32:54,60.8156,-115.7999,6.78,66,20,8.05
262,Canaries,ES,2022-11-07 21:32:54,28.0,-15.5,64.36,83,75,10.36
263,Nsanje,MW,2022-11-07 21:32:54,-16.92,35.262,75.02,82,78,3.67
264,Ust-Koksa,RU,2022-11-07 21:32:55,50.2696,85.6108,36.68,99,100,2.89
265,Coquimbo,CL,2022-11-07 21:32:55,-29.9533,-71.3436,58.73,82,100,9.22
266,San Isidro,PE,2022-11-07 21:32:55,-12.1167,-77.05,65.79,68,0,8.05
267,Bredasdorp,ZA,2022-11-07 21:32:56,-34.5322,20.0403,59.09,85,41,4.79
268,Baruun-Urt,MN,2022-11-07 21:32:56,46.6806,113.2792,27.39,41,2,11.54
269,Komsomolskiy,UZ,2022-11-07 21:32:56,40.4272,71.7189,50.29,66,100,2.75
270,Zhezkazgan,KZ,2022-11-07 21:32:57,47.8043,67.7144,29.64,73,77,7.96
271,Krasnoselkup,RU,2022-11-07 21:32:57,65.7,82.4667,20.55,96,100,10.38
272,Gallup,US,2022-11-07 21:32:57,35.5281,-108.7426,64.24,26,0,13.8
273,Calvinia,ZA,2022-11-07 21:32:57,-31.4707,19.776,59.95,48,0,5.66
274,Wad Rawah,SD,2022-11-07 21:32:58,15.1603,33.1397,81.95,17,10,15.37
275,Manacapuru,BR,2022-11-07 21:32:58,-3.2997,-60.6206,77.61,85,92,2.08
276,Lokachi,UA,2022-11-07 21:33:58,50.737,24.6494,48.74,93,86,7.61
277,Nchelenge,ZM,2022-11-07 21:33:59,-9.3451,28.734,68.63,91,97,6.08
278,Prince Rupert,CA,2022-11-07 21:33:59,54.3161,-130.3201,30.29,30,0,17.27
279,Isangel,VU,2022-11-07 21:33:59,-19.55,169.2667,73.51,94,100,0.0
280,Shirokiy,RU,2022-11-07 21:34:00,49.758,129.523,20.52,87,100,2.46
281,Fortuna,US,2022-11-07 21:34:00,40.5982,-124.1573,53.65,88,100,8.01
282,Ramygala,LT,2022-11-07 21:34:00,55.5167,24.3,45.9,93,90,9.42
283,Khash,IR,2022-11-07 21:29:19,28.2211,61.2158,61.97,44,57,2.35
284,Sokoto,NG,2022-11-07 21:34:01,13.0609,5.239,77.31,18,36,9.4
285,Sitka,US,2022-11-07 21:30:55,57.0531,-135.33,35.49,25,0,7.05
286,Banda Aceh,ID,2022-11-07 21:34:01,5.5577,95.3222,78.93,77,100,7.76
287,Bang Saphan,TH,2022-11-07 21:34:01,11.2126,99.5117,73.71,90,98,3.38
288,Krivosheino,RU,2022-11-07 21:34:02,57.3431,83.9261,21.94,98,90,3.47
289,Uttaradit,TH,2022-11-07 21:34:02,17.6667,100.5,63.77,94,3,3.02
290,Mahebourg,MU,2022-11-07 21:34:03,-20.4081,57.7,73.26,83,20,4.61
291,Moose Factory,CA,2022-11-07 21:34:03,51.2585,-80.6094,32.0,86,20,16.11
292,Saskylakh,RU,2022-11-07 21:34:04,71.9167,114.0833,-24.18,99,25,4.9
293,Port Maria,JM,2022-11-07 21:34:04,18.3685,-76.8895,84.16,77,33,3.42
294,Rumphi,MW,2022-11-07 21:34:04,-11.0186,33.8575,70.07,57,88,5.26
295,Clyde River,CA,2022-11-07 21:34:05,70.4692,-68.5914,12.43,67,75,6.91
296,Rondonopolis,BR,2022-11-07 21:34:05,-16.4708,-54.6356,82.58,28,0,3.49
297,Jacareacanga,BR,2022-11-07 21:34:06,-6.2222,-57.7528,75.02,95,100,5.41
298,Olinda,BR,2022-11-07 21:31:45,-8.0089,-34.8553,80.33,74,20,5.75
299,Huarmey,PE,2022-11-07 21:34:06,-10.0681,-78.1522,67.37,76,19,8.97
300,Punta Cardon,VE,2022-11-07 21:34:07,11.6581,-70.215,84.02,74,91,7.02
301,Bilibino,RU,2022-11-07 21:34:07,68.0546,166.4372,-7.85,97,59,4.23
302,Matagami,CA,2022-11-07 21:34:08,49.7502,-77.6328,32.11,74,75,17.27
303,Vostok,RU,2022-11-07 21:32:53,46.4856,135.8833,26.01,92,35,4.32
304,Kavieng,PG,2022-11-07 21:34:08,-2.5744,150.7967,82.24,75,92,4.63
305,Longyan,CN,2022-11-07 21:34:09,25.1072,117.0225,62.28,97,67,3.2
306,Seymchan,RU,2022-11-07 21:34:09,62.8833,152.4333,4.87,97,100,1.52
307,Dezful,IR,2022-11-07 21:34:10,32.3811,48.4058,66.2,23,0,1.16
308,Leningradskiy,RU,2022-11-07 21:34:10,69.3833,178.4167,13.12,87,100,4.79
309,Igarka,RU,2022-11-07 21:34:10,67.4667,86.5833,17.71,95,100,7.14
310,Palermo,IT,2022-11-07 21:34:11,37.8167,13.5833,58.53,82,8,1.34
311,Voh,NC,2022-11-07 21:34:11,-20.9667,164.7,80.08,76,100,7.83
312,Sidi Ali,DZ,2022-11-07 21:34:12,36.0998,0.4206,65.16,66,0,1.07
313,Tommot,RU,2022-11-07 21:34:12,58.9564,126.2925,-0.2,99,96,1.95
314,San Jose,US,2022-11-07 21:32:44,37.3394,-121.895,64.36,43,40,10.36
315,Eydhafushi,MV,2022-11-07 21:34:12,5.1033,73.0708,81.14,73,57,7.02
316,Vardo,NO,2022-11-07 21:34:13,70.3705,31.1107,35.58,80,100,2.3
317,Bathsheba,BB,2022-11-07 21:34:13,13.2167,-59.5167,83.01,78,20,16.11
318,Luau,AO,2022-11-07 21:34:14,-10.7073,22.2247,63.99,97,100,3.15
319,Okhotsk,RU,2022-11-07 21:34:14,59.3833,143.3,7.03,77,38,16.49
320,Belgrade,RS,2022-11-07 21:34:14,44.804,20.4651,53.69,98,100,8.05
321,Eureka,US,2022-11-07 21:34:15,40.8021,-124.1637,53.92,81,100,8.99
322,Ketchikan,US,2022-11-07 21:33:31,55.3422,-131.6461,32.47,27,0,9.22
323,Bethel,US,2022-11-07 21:34:40,41.3712,-73.414,73.76,17,0,9.22
324,Ivybridge,GB,2022-11-07 21:35:16,50.3904,-3.9191,57.25,94,100,40.02
325,Piterka,RU,2022-11-07 21:35:16,50.6803,47.4454,34.84,79,100,5.97
326,Roebourne,AU,2022-11-07 21:35:16,-20.7833,117.1333,66.79,61,1,14.43
327,Pacific Grove,US,2022-11-07 21:35:17,36.6177,-121.9166,60.51,68,20,11.5
328,Solnechnyy,RU,2022-11-07 21:35:17,50.7214,136.6319,24.78,64,96,2.55
329,Grand Gaube,MU,2022-11-07 21:33:51,-20.0064,57.6608,73.38,71,0,4.0
330,Ponta Do Sol,PT,2022-11-07 21:35:18,32.6667,-17.1,70.72,88,77,2.84
331,Del Rio,US,2022-11-07 21:35:18,29.3627,-100.8968,86.11,51,0,16.11
332,Marawi,PH,2022-11-07 21:35:19,7.9986,124.2928,68.74,93,39,2.75
333,Lavrentiya,RU,2022-11-07 21:35:19,65.5833,-171.0,28.71,96,100,20.74
334,Ornskoldsvik,SE,2022-11-07 21:35:20,63.2909,18.7153,32.95,100,100,5.75
335,Neiafu,TO,2022-11-07 21:35:20,-18.65,-173.9833,81.28,69,20,10.36
336,Mwinilunga,ZM,2022-11-07 21:35:20,-11.7358,24.4293,60.71,97,96,1.57
337,Oyama,JP,2022-11-07 21:35:21,36.3,139.8,56.59,64,0,2.89
338,Zvishavane,ZW,2022-11-07 21:35:21,-20.3267,30.0665,70.95,76,100,1.16
339,Port-Gentil,GA,2022-11-07 21:33:06,-0.7193,8.7815,80.56,89,40,8.05
340,Bunia,CD,2022-11-07 21:35:21,1.5667,30.25,65.25,76,100,1.77
341,Nantucket,US,2022-11-07 21:30:29,41.2835,-70.0995,68.14,89,0,13.8
342,Bandarbeyla,SO,2022-11-07 21:35:22,9.4942,50.8122,77.92,74,1,4.56
343,Matay,EG,2022-11-07 21:35:22,28.419,30.7792,67.03,51,1,7.65
344,Husavik,IS,2022-11-07 21:31:45,66.0449,-17.3389,39.88,92,100,10.11
345,Wanning,CN,2022-11-07 21:35:23,18.8003,110.3967,72.28,94,99,9.44
346,Tessalit,ML,2022-11-07 21:35:23,20.1986,1.0114,75.06,13,32,9.46
347,Kaduqli,SD,2022-11-07 21:35:23,11.0167,29.7167,78.19,27,94,8.03
348,Hasaki,JP,2022-11-07 21:35:24,35.7333,140.8333,51.22,86,55,8.08
349,Nayoro,JP,2022-11-07 21:35:24,44.3506,142.4578,35.38,86,97,4.68
350,Ternate,ID,2022-11-07 21:35:24,0.8,127.4,81.16,78,96,4.16
351,Macon,US,2022-11-07 21:35:25,39.8667,-88.9668,55.87,38,0,8.05
352,Sisimiut,GL,2022-11-07 21:35:25,66.9395,-53.6735,11.8,84,7,10.63
353,Northam,GB,2022-11-07 21:35:25,51.0333,-4.2167,56.61,91,100,37.89
354,Lashio,MM,2022-11-07 21:35:26,22.9333,97.75,53.13,87,1,1.68
355,Walvis Bay,NA,2022-11-07 21:35:26,-22.9575,14.5053,62.58,85,47,4.83
356,Lekoni,GA,2022-11-07 21:35:26,-1.5843,14.2591,74.37,83,93,1.66
357,Tura,IN,2022-11-07 21:35:27,25.5198,90.2201,63.84,84,2,3.4
358,Korla,CN,2022-11-07 21:34:33,41.7597,86.1469,47.26,38,100,1.36
359,Luocheng,CN,2022-11-07 21:35:27,29.3848,104.0286,60.22,90,100,0.29
360,Lunglei,IN,2022-11-07 21:35:28,22.8833,92.7333,55.67,86,0,3.36
361,Ormara,PK,2022-11-07 21:35:28,25.2088,64.6357,79.47,63,0,3.13
362,Mackay,AU,2022-11-07 21:30:41,-21.15,149.2,76.68,62,1,14.18
363,Yatou,CN,2022-11-07 21:35:29,37.15,122.3833,50.02,87,0,5.35
364,Ostrovnoy,RU,2022-11-07 21:35:29,68.0531,39.5131,30.58,93,96,5.32
365,Cabo San Lucas,MX,2022-11-07 21:35:30,22.8909,-109.9124,85.6,61,20,18.41
366,Boundiali,CI,2022-11-07 21:35:30,9.5217,-6.4869,76.66,44,72,2.57
367,Yar-Sale,RU,2022-11-07 21:31:54,66.8333,70.8333,21.7,94,100,6.8
368,Port Hardy,CA,2022-11-07 21:36:30,50.6996,-127.4199,37.58,52,20,23.02
369,Russell,US,2022-11-07 21:36:31,32.3502,-85.1999,83.8,53,6,4.88
370,Santa Isabel,BR,2022-11-07 21:36:31,-23.3156,-46.2214,63.7,94,70,5.06
371,Bambous Virieux,MU,2022-11-07 21:36:31,-20.3428,57.7575,73.22,83,20,4.61
372,North Bend,US,2022-11-07 21:36:32,43.4065,-124.2243,52.16,82,0,13.8
373,Roald,NO,2022-11-07 21:36:32,62.5833,6.1333,46.76,81,75,8.05
374,Siniscola,IT,2022-11-07 21:36:32,40.5719,9.6922,58.55,78,5,3.98
375,Riviere-Au-Renard,CA,2022-11-07 21:34:01,48.9957,-64.3971,46.69,56,33,22.19
376,Badarpur,IN,2022-11-07 21:36:33,24.9,92.6,65.95,89,0,3.13
377,Pisco,PE,2022-11-07 21:36:21,-13.7,-76.2167,68.05,68,0,13.8
378,Pagudpud,PH,2022-11-07 21:36:33,18.5616,120.7868,77.13,89,47,13.13
379,Faanui,PF,2022-11-07 21:36:33,-16.4833,-151.75,78.76,76,16,7.25
380,Kampot,KH,2022-11-07 21:36:34,10.6167,104.1833,75.25,86,78,3.65
381,Grabouw,ZA,2022-11-07 21:36:34,-34.1515,19.0151,58.48,91,45,3.53
382,Odweyne,SO,2022-11-07 21:36:34,9.4092,45.064,73.6,57,4,3.74
383,Alta Floresta,BR,2022-11-07 21:36:35,-9.8756,-56.0861,85.28,38,35,2.75
384,Ladario,BR,2022-11-07 21:36:35,-19.0047,-57.6017,91.69,22,0,10.36
385,Zonguldak,TR,2022-11-07 21:36:35,41.25,31.8333,50.49,94,100,2.51
386,Garden City,US,2022-11-07 21:36:36,42.3256,-83.331,57.22,32,40,6.91
387,Riyadh,SA,2022-11-07 21:32:47,24.6877,46.7219,73.54,65,0,4.68
388,Oshikango,NA,2022-11-07 21:36:36,-17.4,15.8833,74.79,30,0,5.26
389,Lagos,NG,2022-11-07 21:33:44,6.5833,3.75,78.4,88,96,4.09
390,Beloha,MG,2022-11-07 21:36:37,-25.1667,45.05,72.86,82,1,1.52
391,Mount Gambier,AU,2022-11-07 21:36:27,-37.8333,140.7667,65.59,69,0,8.12
392,Belmonte,BR,2022-11-07 21:36:37,-15.8631,-38.8828,72.77,72,81,9.98
393,Shingu,JP,2022-11-07 21:36:37,33.7333,135.9833,54.45,78,0,6.6
394,Tres Arroyos,AR,2022-11-07 21:36:37,-38.3739,-60.2798,78.76,23,36,11.99
395,Belokurikha,RU,2022-11-07 21:36:38,51.9959,84.9896,31.48,96,100,2.28
396,Ucluelet,CA,2022-11-07 21:36:38,48.9329,-125.5528,45.09,72,98,1.01
397,Sorland,NO,2022-11-07 21:36:39,67.667,12.6934,42.66,66,18,22.32
398,Aripuana,BR,2022-11-07 21:36:39,-9.1667,-60.6333,88.03,35,44,1.36
399,Ancud,CL,2022-11-07 21:36:39,-41.8697,-73.8203,55.06,89,78,6.85
400,Vao,NC,2022-11-07 21:36:39,-22.6667,167.4833,74.48,84,86,17.38
401,Amarante Do Maranhao,BR,2022-11-07 21:36:40,-5.5667,-46.7422,76.42,83,88,3.65
402,Kembe,CF,2022-11-07 21:36:40,4.6228,21.8865,69.03,97,86,1.16
403,Chlorakas,CY,2022-11-07 21:36:40,34.8042,32.4083,59.88,88,75,5.75
404,Avera,US,2022-11-07 21:36:41,33.194,-82.5271,81.55,59,14,4.72
405,Boyolangu,ID,2022-11-07 21:36:41,-8.1181,111.8935,74.79,94,100,3.06
406,Baiquan,CN,2022-11-07 21:36:41,47.5833,126.0833,27.32,66,77,6.53
407,Dese,ET,2022-11-07 21:36:42,11.1333,39.6333,50.05,64,10,3.36
408,Chichester,GB,2022-11-07 21:36:42,50.8367,-0.78,60.98,83,100,13.0
409,Yerbogachen,RU,2022-11-07 21:36:42,61.2767,108.0108,19.89,95,100,7.0
410,Kamenka,RU,2022-11-07 21:34:21,51.3223,42.7678,31.44,87,99,5.77
411,Iqaluit,CA,2022-11-07 21:37:43,63.7506,-68.5145,20.93,62,75,17.27
412,Fort Frances,CA,2022-11-07 21:34:09,48.5999,-93.4003,35.82,66,40,0.0
413,Balkanabat,TM,2022-11-07 21:37:43,39.5108,54.3671,43.74,54,1,2.98
414,Muros,ES,2022-11-07 21:34:32,42.7762,-9.0603,66.09,74,53,26.6
415,Kirensk,RU,2022-11-07 21:37:44,57.7853,108.1119,22.24,91,84,9.98
416,Mananjary,MG,2022-11-07 21:37:44,-21.2167,48.3333,71.64,86,100,7.09
417,Antofagasta,CL,2022-11-07 21:36:05,-23.65,-70.4,63.68,76,34,7.11
418,Zhigansk,RU,2022-11-07 21:37:45,66.7697,123.3711,-9.99,95,100,5.26
419,Esperance,AU,2022-11-07 21:36:50,-33.8667,121.9,57.04,82,100,15.19
420,Kavaratti,IN,2022-11-07 21:37:45,10.5669,72.642,81.36,73,37,5.28
421,Vershino-Darasunskiy,RU,2022-11-07 21:37:45,52.35,115.5167,16.84,93,77,3.15
422,Sinnamary,GF,2022-11-07 21:34:53,5.3833,-52.95,78.57,85,93,9.62
423,Montrose,US,2022-11-07 21:37:46,38.4166,-108.2673,58.41,28,5,24.79
424,Grajau,BR,2022-11-07 21:37:46,-5.8194,-46.1386,77.02,84,62,1.9
425,Porto Novo,BJ,2022-11-07 21:37:46,6.4965,2.6036,84.02,84,78,5.88
426,Zarubino,RU,2022-11-07 21:37:47,42.63,131.0922,37.53,67,0,12.84
427,Salalah,OM,2022-11-07 21:37:47,17.0151,54.0924,78.89,78,40,3.44
428,Yarim,YE,2022-11-07 21:37:47,14.298,44.3779,51.57,54,0,2.04
429,Lagoa,PT,2022-11-07 21:37:48,39.05,-27.9833,62.96,66,100,18.34
430,Zaranj,AF,2022-11-07 21:37:48,30.9667,61.8833,62.56,39,97,8.3
431,Saint-Germain-De-Grantham,CA,2022-11-07 21:37:48,45.8334,-72.5658,53.91,45,13,11.99
432,Saint Pete Beach,US,2022-11-07 21:37:49,27.7253,-82.7412,84.25,58,0,17.27
433,Tarko-Sale,RU,2022-11-07 21:37:49,64.9225,77.785,20.01,95,100,9.75
434,Yaan,NG,2022-11-07 21:37:49,7.3833,8.5667,77.58,40,92,2.15
435,Taltal,CL,2022-11-07 21:37:50,-25.4,-70.4833,62.49,76,36,5.53
436,Constitucion,CL,2022-11-07 21:37:50,-35.3333,-72.4167,59.61,71,100,12.33
437,Ballina,AU,2022-11-07 21:36:00,-28.8667,153.5667,64.02,90,31,5.66
438,Yuksekova,TR,2022-11-07 21:37:50,37.5736,44.2872,33.55,69,75,2.3
439,Kearney,US,2022-11-07 21:34:57,40.6995,-99.0815,54.16,24,40,20.71
440,Viedma,AR,2022-11-07 21:37:51,-40.8135,-62.9967,84.33,21,0,18.66
441,Kjollefjord,NO,2022-11-07 21:37:51,70.9457,27.3465,41.05,100,20,4.61
442,Rovaniemi,FI,2022-11-07 21:36:44,66.5,25.7167,26.01,100,100,5.75
443,Ngunguru,NZ,2022-11-07 21:37:51,-35.6167,174.5,60.13,94,100,24.61
444,Cabedelo,BR,2022-11-07 21:37:52,-6.9811,-34.8339,79.47,74,67,10.33
445,Chumikan,RU,2022-11-07 21:37:52,54.7183,135.315,13.6,76,44,8.41
446,Hanyang,CN,2022-11-07 21:37:52,32.1371,105.5126,55.56,85,99,1.32
447,Ous,RU,2022-11-07 21:37:53,60.9058,61.5186,23.68,92,100,4.56
448,Karratha,AU,2022-11-07 21:37:53,-20.7377,116.8463,65.93,63,1,14.85
449,Brigantine,US,2022-11-07 21:37:53,39.4101,-74.3646,75.4,48,0,14.97
450,Tiznit,MA,2022-11-07 21:37:54,29.5833,-9.5,68.74,31,68,2.35
451,Chatellerault,FR,2022-11-07 21:37:54,46.8,0.5333,54.32,1,100,11.9
452,Kailua,US,2022-11-07 21:37:54,21.4022,-157.7394,84.18,69,95,5.99
453,Cassino,IT,2022-11-07 21:37:54,41.4876,13.8315,56.52,87,1,1.01
454,Rosarito,MX,2022-11-07 21:37:55,32.3333,-117.0333,71.42,75,93,7.29
455,Sobolevo,RU,2022-11-07 21:38:55,54.4299,31.8996,41.59,93,100,11.68
456,Louga,RU,2022-11-07 21:38:55,58.7372,29.8453,38.14,95,100,8.61
457,Bangar,PH,2022-11-07 21:38:56,16.8936,120.4243,76.66,81,68,4.36
458,Galle,LK,2022-11-07 21:38:56,6.0367,80.217,76.48,87,94,3.71
459,Halifax,CA,2022-11-07 21:38:11,44.6453,-63.5724,62.49,94,100,17.27
460,Vila,PT,2022-11-07 21:38:56,42.0304,-8.1588,54.48,94,99,11.01
461,Portland,US,2022-11-07 21:36:07,45.5234,-122.6762,43.84,92,100,13.8
462,San Andres,CO,2022-11-07 21:38:57,12.5847,-81.7006,82.42,78,40,10.36
463,Hovd,MN,2022-11-07 21:38:57,48.0056,91.6419,34.77,45,98,9.64
464,Mainit,PH,2022-11-07 21:38:57,9.535,125.5231,78.48,84,94,3.47
465,Norman,US,2022-11-07 21:34:04,35.2226,-97.4395,67.05,77,100,4.61
466,The Valley,AI,2022-11-07 21:38:58,18.217,-63.0578,80.74,83,40,9.22
467,Gort,IE,2022-11-07 21:38:58,53.0664,-8.8167,47.95,90,100,10.58
468,Itarema,BR,2022-11-07 21:38:58,-2.9248,-39.9167,79.14,76,86,16.42
469,Pimentel,PE,2022-11-07 21:38:59,-6.8367,-79.9342,68.29,68,20,18.41
470,Huilong,CN,2022-11-07 21:38:59,31.8111,121.655,56.93,79,0,4.7
471,Taoudenni,ML,2022-11-07 21:38:59,22.6783,-3.9836,77.74,18,5,10.6
472,Sarangani,PH,2022-11-07 21:39:00,5.4033,125.4636,82.06,74,94,1.79
473,Jian,CN,2022-11-07 21:39:00,27.1172,114.9793,62.91,82,59,4.29
474,Vestmannaeyjar,IS,2022-11-07 21:39:00,63.4427,-20.2734,43.11,79,99,18.19
475,Khani,GE,2022-11-07 21:39:01,41.9563,42.9566,45.97,68,100,6.08
476,Raudeberg,NO,2022-11-07 21:39:01,61.9875,5.1352,45.27,63,54,9.33
477,Savannah Bight,HN,2022-11-07 21:39:01,16.45,-85.85,82.02,70,14,12.55
478,Choya,RU,2022-11-07 21:39:02,52.0108,86.5467,31.64,97,100,1.45
479,Tilichiki,RU,2022-11-07 21:39:02,60.4667,166.1,17.69,93,100,6.33
480,Bria,CF,2022-11-07 21:39:02,6.5423,21.9863,71.15,90,100,2.68
481,Zeya,RU,2022-11-07 21:39:03,53.75,127.2667,10.09,96,43,2.08
482,Stephenville,US,2022-11-07 21:39:03,32.2207,-98.2023,80.87,78,100,5.75
483,Basoko,CD,2022-11-07 21:39:04,1.2391,23.616,70.05,96,100,1.72
484,Zaysan,KZ,2022-11-07 21:39:04,47.4667,84.8667,43.59,48,99,1.5
485,Alofi,NU,2022-11-07 21:39:05,-19.0595,-169.9187,80.49,61,75,16.02
486,Shelburne,CA,2022-11-07 21:39:05,44.0787,-80.2041,42.91,61,7,14.99
487,Flinders,AU,2022-11-07 21:39:05,-34.5833,150.8552,69.39,74,23,4.0
488,Ust-Maya,RU,2022-11-07 21:39:06,60.4167,134.5333,-4.25,99,100,2.04
489,Kiruna,SE,2022-11-07 21:36:23,67.8557,20.2251,31.12,74,100,10.36
490,Morrope,PE,2022-11-07 21:39:08,-6.5417,-80.0111,68.11,70,19,17.67
491,Keshorai Patan,IN,2022-11-07 21:39:08,25.3,75.9333,78.15,34,98,6.8
492,Kalachinsk,RU,2022-11-07 21:39:09,55.0529,74.5751,25.92,94,81,2.01
493,Ampanihy,MG,2022-11-07 21:39:09,-24.7,44.75,73.27,72,2,2.68
494,Noyabrsk,RU,2022-11-07 21:39:09,63.1994,75.4507,15.12,96,100,10.85
495,Nemuro,JP,2022-11-07 21:39:10,43.3236,145.575,44.13,66,100,4.38
496,Oran,DZ,2022-11-07 21:39:11,35.6911,-0.6417,64.33,82,0,4.61
497,Santa Fe,AR,2022-11-07 21:39:11,-31.6333,-60.7,83.01,36,3,11.01
498,Yulin,CN,2022-11-07 21:40:12,22.6333,110.15,66.22,88,19,2.46
499,Payyannur,IN,2022-11-07 21:40:12,12.1,75.2,73.2,85,19,3.96
500,Black River,JM,2022-11-07 21:37:44,18.0264,-77.8487,81.41,70,23,1.61
501,Mwingi,KE,2022-11-07 21:40:12,-0.9344,38.0601,66.4,91,66,4.52
502,Pasni,PK,2022-11-07 21:40:13,25.2631,63.471,79.02,72,0,7.34
503,Burnie,AU,2022-11-07 21:40:13,-41.0667,145.9167,68.94,55,21,4.14
504,Vila Velha,BR,2022-11-07 21:40:14,-20.3297,-40.2925,75.15,77,40,5.75
505,Puerto El Triunfo,SV,2022-11-07 21:40:14,13.2833,-88.55,88.72,76,71,6.22
506,Sibu,MY,2022-11-07 21:40:14,2.3,111.8167,75.51,100,40,2.3
507,Jalu,LY,2022-11-07 21:40:15,29.0331,21.5482,64.9,69,37,9.95
508,Doha,QA,2022-11-07 21:40:15,25.2867,51.5333,84.09,76,0,9.22
509,Sao Miguel Do Araguaia,BR,2022-11-07 21:40:16,-13.275,-50.1628,80.26,57,99,4.65
510,Kalyazin,RU,2022-11-07 21:40:16,57.2403,37.8433,35.26,97,100,9.19
511,Lithakia,GR,2022-11-07 21:40:17,37.7167,20.8333,52.97,67,0,6.06
512,Maryville,US,2022-11-07 21:40:17,35.7565,-83.9705,78.75,77,40,5.75
513,Soyo,AO,2022-11-07 21:40:18,-6.1349,12.3689,78.57,84,60,7.31
514,Aketi,CD,2022-11-07 21:40:18,2.7388,23.7833,69.37,99,100,1.59
515,Toora-Khem,RU,2022-11-07 21:40:19,52.4675,96.11,25.59,97,100,1.72
516,Kirakira,SB,2022-11-07 21:40:19,-10.4544,161.9205,82.63,79,83,7.52
517,Gezing,AT,2022-11-07 21:40:19,47.9178,13.1299,46.35,95,0,8.05
518,Bela,IN,2022-11-07 21:40:20,25.9333,81.9833,68.83,55,78,2.95
519,Porvoo,FI,2022-11-07 21:40:20,60.3923,25.6651,46.17,95,100,1.01
520,Faya,SA,2022-11-07 21:40:20,18.3851,42.4509,59.52,83,17,3.11
521,Vuktyl,RU,2022-11-07 21:40:21,63.8567,57.3094,27.72,96,100,7.92
522,Huron,US,2022-11-07 21:40:21,41.1501,-82.5499,60.24,44,9,7.34
523,Atambua,ID,2022-11-07 21:40:21,-9.1061,124.8925,76.3,82,100,0.83
524,Tazovskiy,RU,2022-11-07 21:40:22,67.4667,78.7,15.69,96,100,4.63
525,Sagu,RO,2022-11-07 21:40:22,46.05,21.2833,53.64,100,100,3.44
526,Ilhabela,BR,2022-11-07 21:40:22,-23.7781,-45.3581,65.3,87,98,3.13
527,Nome,US,2022-11-07 21:36:31,64.5011,-165.4064,30.27,93,100,27.63
528,Turiacu,BR,2022-11-07 21:40:23,-1.6633,-45.3717,75.16,93,91,4.05
529,Isla Mujeres,MX,2022-11-07 21:39:21,21.2311,-86.731,84.25,71,3,10.69
530,Kango,GA,2022-11-07 21:40:23,0.1943,10.0951,75.09,97,100,3.09
531,Governador Valadares,BR,2022-11-07 21:40:23,-18.8511,-41.9494,76.59,56,61,6.89
532,Laukaa,RU,2022-11-07 21:40:24,58.7372,29.8453,38.14,95,100,8.61
533,Carauari,BR,2022-11-07 21:40:24,-4.8828,-66.8958,85.5,55,88,3.06
534,Skelleftea,SE,2022-11-07 21:40:24,64.7507,20.9528,30.56,100,100,5.75
535,Inirida,CO,2022-11-07 21:40:25,3.8653,-67.9239,79.72,80,25,1.81
536,Luganville,VU,2022-11-07 21:37:01,-15.5333,167.1667,83.97,72,3,9.84
537,Leh,IN,2022-11-07 21:39:13,34.1667,77.5833,26.74,72,45,1.97
538,San Luis,AR,2022-11-07 21:36:37,-33.295,-66.3356,83.07,21,62,15.5
539,Namwala,ZM,2022-11-07 21:40:25,-15.7504,26.4384,68.27,84,100,3.38
540,Canicatti,IT,2022-11-07 21:40:26,37.3589,13.8504,56.21,70,1,4.56
541,Anloga,GH,2022-11-07 21:40:26,5.7947,0.8973,81.68,77,94,9.13
542,Pryazha,RU,2022-11-07 21:40:26,61.6926,33.6216,42.03,93,100,10.98
543,Boa Vista,BR,2022-11-07 21:40:27,2.8197,-60.6733,87.78,58,40,5.75
544,Ulladulla,AU,2022-11-07 21:40:27,-35.35,150.4667,64.92,67,2,5.95
545,Klyuchi,RU,2022-11-07 21:40:27,52.2667,79.1667,26.74,82,62,2.28
546,Pokhara,NP,2022-11-07 21:41:28,28.2333,83.9833,61.36,56,90,3.51
547,Florida,US,2022-11-07 21:37:44,28.7505,-82.5001,82.9,67,40,10.36
548,Kharan,PK,2022-11-07 21:41:28,28.5833,65.4167,66.52,50,43,6.58
549,Kushiro,JP,2022-11-07 21:41:28,42.975,144.3747,40.55,72,99,3.4
550,Tsimlyansk,RU,2022-11-07 21:41:29,47.6461,42.1019,37.78,71,100,11.05
551,Griffith,US,2022-11-07 21:41:29,41.5284,-87.4237,55.15,51,0,11.5
552,Nelson Bay,AU,2022-11-07 21:41:29,-32.7167,152.15,70.09,77,6,3.0
553,Dalbandin,PK,2022-11-07 21:41:30,28.8947,64.4101,64.4,46,10,3.67
554,Malanje,AO,2022-11-07 21:41:30,-9.5402,16.341,64.4,92,88,4.05
555,Maputo,MZ,2022-11-07 21:41:30,-25.9653,32.5892,72.93,92,52,6.82
556,Deloraine,AU,2022-11-07 21:41:31,-41.5333,146.6667,57.99,15,47,2.89
557,Roura,GF,2022-11-07 21:41:31,4.7263,-52.3274,76.91,94,75,2.3
558,Alekseyevsk,RU,2022-11-07 21:41:31,57.8406,108.3492,21.88,93,83,10.54
559,Manakara,MG,2022-11-07 21:41:31,-22.1333,48.0167,71.04,90,98,5.57
560,Lunca Corbului,RO,2022-11-07 21:41:32,44.7,24.75,51.4,74,100,4.65
561,Townsville,AU,2022-11-07 21:41:32,-19.25,146.8,76.08,69,20,5.75
562,Beidao,CN,2022-11-07 21:41:32,34.5686,105.8933,52.39,77,99,1.68
563,Banjar,ID,2022-11-07 21:41:33,-8.19,114.9675,76.71,89,95,3.31
564,Darhan,MN,2022-11-07 21:37:36,49.4867,105.9228,29.44,57,66,6.4
565,Karasjok,NO,2022-11-07 21:41:33,69.4719,25.5112,28.13,94,94,7.67
566,Lingao,CN,2022-11-07 21:41:33,19.9103,109.6859,72.52,90,90,8.52
567,Ben Tre,VN,2022-11-07 21:41:34,10.2333,106.3833,73.71,96,97,1.61
568,Emporia,US,2022-11-07 21:37:15,38.4039,-96.1817,59.2,31,0,14.97
569,Burns Lake,CA,2022-11-07 21:41:34,54.2331,-125.7533,6.22,49,100,13.51
570,Souillac,MU,2022-11-07 21:41:34,-20.5167,57.5167,71.98,83,20,4.61
571,Iwaki,JP,2022-11-07 21:41:35,37.05,140.8833,50.02,77,13,1.01
572,Odobesti,RO,2022-11-07 21:41:35,45.7667,27.05,45.28,85,41,2.24
573,Belize,BZ,2022-11-07 21:41:06,17.25,-88.75,89.92,59,33,3.11
